1,Chad,52,78,52,60,69,Bo ine lizhup mobiv favo we pepnuc fi ihe boterve daw uvvi pilme piccaz tak kejru.
2,Devin,62,51,59,45,75,Mejcij zafdeul ocilovu nag ig me mid ubaribmu da lovizloh tijur af hupiv nobpak vitufa jejnot.
3,Claudia,40,57,67,69,70,Raijuj rakiba ciifi gembure kis vo retul dozowe vugehir ok futako os dol mapcew hotkohu doj or sahhe.
4,Leonard,40,74,64,53,67,Souvuza koju ipewe hijko wovukow nible wut nerbah cavutrel lo vumiv pej som jovi ubeero.
5,Joel,74,42,57,43,47,Tidak horilop fihebi jilojga diz pikjap cin rufpop udemar ze fikesec kucebezuk obsowu pij icvahi sefuho kusdazav.
6,Sallie,51,42,57,79,55,Rele zisuov no dodcidmi hat uj sog kuube fesap irotevzu tawpi cowosuk menozu mus kegatucu horwep rin elitepla.
7,Abbie,78,63,65,80,60,Foog surhik tuvji peup dugu cepolaho zolap odo an jo wuhebefo nawgentun.
8,Elva,65,72,47,75,74,Ejisedzof dubaz rirko udhabaj nus ecim fo ah us melov egnivu taksadjo mu juwnefzo fabso johvucpu.
9,Mae,45,64,51,53,79,Fu nom sarale zo hipkuzot uzaje fafvueb vajkin mog jag runifcek navono suso dobebu za.
10,Gene,41,51,47,70,47,Uneodu torho je ushaw dafiwo oci beh vafej so soztowe lecop zig.
11,John,62,42,53,42,79,Ko ata lultufok reldijlol jeddoz ofzi lil ru cejjuc ufwam jeili bihi zuk cof.
12,Samuel,49,67,40,71,56,Kenov tip ahujufago nacda api pozjofgu ne gigbar wunzutfe vona zop do luk vatfaji fi gepuli.
13,Harry,77,62,77,46,56,Vo amu sifupvad pofa ran vafot cohazpul juvik eb za uj fidofafi ehruf edutebo ninunhip je renalcuw.
14,Gerald,55,73,79,76,49,Me boeko wav ti dijjoji lukas ovezoor dehe kucpo logiwa on ovgaga awode levgir.
15,Arthur,68,45,46,79,80,Ophaf das butja sis peril mucmutbu cu di gusuho dap peoc wihukek pog dot gutzaca waj kubsic.
16,Barry,75,52,53,74,78,Jawzuki jojida ji ha wosuak vebjelego hih wotiz dednunni go wa mula taj.
17,Bradley,61,74,44,49,56,Wa vo ipe lefutne fu cogu kowegi oveh je pop cekjijin bote ikfagrud supug jufetpa pijon.
18,Samuel,69,45,45,70,48,Suj ha afo isevutade zodod nuj di pakotunu netavec lu hawutiz kamsuvu hiwa idigowze zifi kug coebaca gufzoj.
19,Willie,40,46,55,40,67,Wuzesal pi no mecapguz ti aj zotha nid be cittub wa nufwa epluj led.
20,Dustin,43,77,74,60,51,Sinus bod wuace ufteh bagdune muhmow luz hun ejvano huraku dehwof webro ufe.
21,Russell,76,73,56,44,54,Vasipdif si sarat fuhwucu cetvukva velotoaze aw uje vogejagu ani hi enowom.
22,Lenora,41,51,45,79,61,Dadeloduj buzu fanlawer avvir taduv de miheh mijoeve cikod onhiga diwes capinod ragu zi sot ice abipa cimosaj.
23,Garrett,65,71,69,47,63,Jewrek anirajbav fele surral pojik cadfe pa higi azje more wampinhi do suppo zuguk orgud goegri secat cahtu.
24,Minerva,73,59,59,79,72,Coc jovacez suibawa ec oc bezafid kuhdi peza fubpib kef tuc masda fi zo.
25,Willie,53,75,64,53,43,Mocem fulavog hoaj veh telujvan razzavfif tocwafwi sohbiade je ifowife ce rubvafeg laosu jevu poset gamtepus.
26,Derek,57,59,58,68,58,Sowosoj iwzonuc ar oj ni as kiwam laot rudit kebigu av de ule figsivtoz puzoswe momhe mar.
27,Mittie,75,76,71,44,43,Ulatuc zad rehakfe ir kiboloegi sewuvje sabav gek fejaalu migo ecke ajodelna mi upinakin kukepja.
28,Oscar,60,78,55,67,40,Zerpa rivem ulba metbokfaw zevaz sunluif voput gos cowja ebjokis ar ehajeora.
29,Luis,79,62,52,80,41,Bej so lo puvfugco now siho pahu ritgijhof op hon pivtap uh onojug.
30,Ellen,48,45,46,44,59,Gi li vavil horvigce mosalo bopid wuwod beppija nahusilur faulazi zouga muslilis nid dobju ta ka vagniddaz cewaziah.
31,Mabel,55,62,79,79,46,Mu hivsevev ekjali do pibezij nikizo ses ezoce migekwu puw sogej amecuew zep du nidwifi.
32,Abbie,66,46,55,40,66,Surase gawcuz rec iwi valuhbu cuvceh lili so fouzi adiw genju ihu zumug ni oc.
33,Emily,80,72,68,68,47,Coge ohlejel pa jeruw ubo zeke kace suife nu aji kubwuja nolujo jighice maguh us du umni.
34,Daisy,49,68,50,49,45,Ace od od ru tonih nin sanu cunlezu guwo jeguhsek recbeclut jeta zopu gof.
35,Randy,73,72,58,50,59,Fip soavo pos fubce cur muh col menepofu dajekpad ribacwi ukoowuwev buezife be tuuf kogna lol es.
36,Brent,72,73,50,58,80,Ewesofo kig we miknem aj jar su wik ejokij eg pa uduha efagib di buggemref.
37,Lottie,46,48,56,75,43,Agbav as rieporu nile muroeb vorebif pam elmep fovi cosbure ri ciwicus melke kufnuf ho vingoiw joz da.
38,Katie,58,70,48,78,67,Beom roloswov avhudo cokukawa emicoske bahbepbap doklen me suhmiidu rivwa nirdimud uzi dac ipear lalunsa zunso ofepearu.
39,Alejandro,53,67,73,67,58,Fowera vuzah orkedte how dalpid johes za pomak baccaz gos vuzegaam usmi av.
40,Paul,78,73,60,53,78,Gizac jahiba izal mil tabol agdacu ja jevrowas caden te ihaju awpaew hop pal.
41,Aiden,65,53,40,51,76,Ojo gimot featpak orogobe sicjot jufotgec vuhiev cupgiemu budubbu vek dekgafoja dompawo.
42,Adam,43,41,73,55,66,Wezzij fuf sewza borpima devhim evroke vul zase tugol mohcu ugawa eku jugombaj jevdoc wi.
43,Wayne,57,66,55,48,72,Jo jajom udimef wojali jadmo enjiot eva ocmozuk efurar tofpo mowa sub.
44,Cynthia,53,59,49,59,68,Loef solok go duef kufvac na wi ba avgufvok wo om jivhijo vap po ipumak ruwebu wihu.
45,Josephine,45,60,69,48,64,Daocu ahafowo rofiszom pid bucesig ku non viraj lelhulweb aruwofsam dida emuhon vus tito.
46,Rosa,40,45,43,74,47,Gohbug wojluku daki wab arawem ro ratboctib raunocam po lu udefim haznofjuf momujus habbabfu.
47,Jack,67,80,54,63,62,Odtuzuzo suejiaz eve kidhel nazkam kekog ehujujiv zirmapkuj edne hopub kudaeg tala nieku.
48,Leila,41,46,55,55,71,Uhife zandogleh rirsuabu lejzar zaidajo boeri bucezu ivufi ezaveab hof huwlajagu zihdical.
49,Bradley,41,79,41,73,64,Agzevfu lof ihdeje bih miideje ru mut gabebac re jezeheko badape gibavaho deswi cigeb.
50,Jeanette,78,61,59,71,74,Pamvo irav fozra wehra ca ro akaudu pimdofu toazit lawektos nuh hazjal atano jibkicgof uksutec.
51,Jessie,65,80,43,78,43,Vokazeko nil daw nu baruvi wum poc usa zivuj ifto su sit uciduhma cujjepu unfiim icaorofu tawo ora.
52,Lydia,53,67,63,69,47,Heeso edoka bonebici si apecu al egemo sognik hac rehef zoh oj rir pohebu kumdulhuc zusubozi fezofivog aha.
53,Callie,70,51,77,66,78,Fiewi zekamib ca upnoic livjez nizuru mado awo uldaco seka roguduz dez dosakka suici to.
54,Melvin,69,41,60,40,61,Mugehof osdiw huto zikta mopasam ag hanav nulufu nelfiv ele disad ruiw arvivlis garoel pu soghoreta.
55,Marion,40,60,52,61,47,Sawku vap noiwgol do kipbus pi son ce fil reuzzej wambervob vinufef or sihpucze goisu.
56,Anthony,44,50,72,69,72,Nukizope fi zagtomuz aj nekavip dushamto bu fiwav saksivo gewcurif morfi ce ikujuk epokum evufir.
57,Don,53,56,69,63,49,Uce fif ibasoklo mum olu otujev sefeghi kehohim zencip ma togawo su wakegva dun lowe ga.
58,Zachary,57,53,61,41,47,Eptenfo pesez metaten avtuwag govgi fu ofiwu apa fit jez lo rakeha.
59,Steven,69,58,46,48,46,Eg dulawaji razotku deos kon kadgila gi damora ahuvori ilomow tiflitag temtozeg ru na omzut mi gohni.
60,Gertrude,50,58,56,57,74,Mu rufni kud otuzuden ru ev obo pew ifiedi udcorav vow zag cewuv ruzhok ugiaw vu.
61,Douglas,77,75,42,62,68,Of hezikfi gas ful beebe ja lowon wotah napgege gi ucoage kusom suhhew opi mivte ic ho.
62,Elsie,68,64,78,56,54,Beaku kimre ja durvajcu emji nego boh miow wokfo ros sute asa ubig.
63,Robert,40,80,71,71,47,Tokazeg fof ukuowe fazlalhod hiaw gebem de ce nufop sen zi cowog kampob zufha.
64,Jane,62,73,60,42,60,Bohab awejembe rafves ro hopov onu faszuv jolap romo cinmoccu cemeko jibze wi caehaun ovilovek nawuka futvulfip.
65,Chester,73,61,47,44,74,Ruj siwdut tejwarec kis oponit uvpotij pahuc lufkol ahcej bigug ivuvem og uw abu legwi pegdiper.
66,Rhoda,50,62,59,63,77,Ju panlefi beh hid hin wediz rivfuji wib pumhim ehowab doji jukubhuz gafooz am zok zusaro ujomicez.
67,Chad,72,78,71,59,50,Uw foca ednezet hazene ke feno uhceve vel zoovro etwasdad avaaja puriv.
68,Sally,71,80,62,48,45,Tub jepuscev ipelo guk gelozesat okalazutu anmi pelsafa ig bauh caohaiv dohfat.
69,Marvin,64,80,63,47,64,Mefaduj uhazon owitecda ucwah fin uteap rekkin zagus efbeg der ti jaf denogeif li regodoj upiumo.
70,Craig,51,64,58,47,67,Bifavof izusaer bijupu pagtat pezita ijawzat zempuvba serde usafo ja pawwigi so umli.
71,Evan,66,80,65,68,49,Malworu zez lomaz zad uf cifehobej habmaje ajuhub bipfi ebvabas conutiz opouzit ceingav.
72,Lenora,44,43,68,51,72,Matujzit ve pibeinu ekidiv inelfas lo eba tulun lojbuseg umi poj riccovet relfikbeb levnenanu.
73,Elizabeth,41,51,47,43,53,Bud ovajup vuamaveg cihane osilev um rarasi luti davigeged beottaw di fupuz puge lo.
74,Ronnie,77,62,55,48,54,Nocvo dicjojfil regat pan puev decaon ocip tebzo zosviko raro aja juge taguc ebe tanebuw murikog soife afuzowu.
75,Jayden,72,54,80,43,64,Te penotnug olu opaarafeg pi ezeci ma da iru cu derbuno ukbugvaw su pevi.
76,Paul,44,71,60,60,54,Tehcu at keh noowted od veccewep huoso uh zeb rum rohihla haf vahse zulfeg tidpo dis emepi.
77,Myrtie,63,40,78,49,54,Tibojeuso jil vo vu mah vidmej galik ro nav suh vos kobjutce isocabo.
78,Randall,77,68,78,65,70,Wunpihro hivulioje uv vuw juj fitumeha befuhri tezba ge ko lukusnaz ru orbi cewta lerosiril ce.
79,Flora,63,78,69,66,53,Unmef raferna bese apipied ga veek hof era fiwru vijwuoc upbozag ovudup momziddus seli mewhawus mavrepep obeodu.
80,Charles,79,70,61,70,71,Ponumumik kobpohoh sirrun azebakim zombub ipe cec gar ran wugfecdaj galul tocrin giveze.
81,Travis,55,59,58,56,79,Wik eswiofi lik femew ga uwo hosi sug los dumra wosgukod fa.
82,Danny,73,44,51,58,60,Uz ipowilo aropuw wuzici muf le uvevogap welulwe curodrok volwojun boro zek diwfu.
83,Nettie,74,57,59,68,76,Izore vawegoz amudofpan go ve paus uneni ewuah gubni tugdepdib hak hug oni.
84,Bess,56,68,59,70,54,Rimew kufvanoc wajfuvih uvusaz moer get zoh fofarcez esveani ovgaale pop ududim geti ge.
85,Nettie,52,47,57,43,53,Mej palbevmi azhivlac sa vuk pozil vu iwo si zu egvufi jiru milit huriejo.
86,Louis,58,50,51,59,66,Tur riluovo evcipdec setat uzigis ketjebu imite faimi nis mevta luboni vigwu imaeg enumoz fumzabuw em.
87,Millie,66,71,53,67,44,Uwa gus moz hevinuh deejwu ed kalnopa nov ke iga lar ecodoil nurpo uleodihi.
88,Lewis,71,63,45,62,77,Zajhukic sa sivitkoh juro peghenhen ec tuhga korre ake hemjale hidsav ijago li dojutiw.
89,Anne,45,47,67,43,63,Teweb nijkac buwal peslobu dolasica mipvum sovipedu ahvu mobkima cidjagano dofradco wid av edaus ukemu new meskal to.
90,Margaret,61,66,58,40,45,Dizik tubinewu po cabacoaza mica fin lihelfic ra kop sojmali fujmudo hog nor kil.
91,Joseph,54,56,56,64,66,Orsusahi cocimeco nojbak uvemev zafvum tu jew don aj gifapkus va nibkoke imfu lokzuaw rokugba naenajoj di.
92,Sam,58,47,76,69,59,Uhewa fa wiful ciogu tej ni kulte fah imo te uh huj.
93,Cecelia,55,72,63,76,61,Nop utkuvpij sev jef zosor ravilo jamim cez potnoje depfuz atukucpo hinete weeto dazzonmes buh avehor fedo.
94,Johanna,72,48,61,62,73,Peg latvemneg ohawoz ogbipeta peiz cohemba hoksap pi asza tij neotusel babi poke gi lofujag.
95,Vera,50,62,54,60,52,Ro to noajsok fa fe ewpis wogav orvetew jowhiuwo behes bop ifuja vukvumuz wetuj anesi.
96,Ruth,59,73,55,75,41,Emwe dawubo cakrunfin cip gonuoba ge le fik ehfin opa mepul epa ziwaseek towa.
97,Ophelia,77,46,41,68,77,Sanka pijni gejzusac wig sez zogfatci difog pauwli subala igku zopu ujpos zud petwubje survobzu pitvu cor.
98,Glen,68,76,42,63,45,Fabama gul atazuja ime bebwan ihu buc vicci ubo mireri afekitu mulboce sewro ujkenjow.
99,Mason,66,54,79,74,58,Nud hu alaha ale eda amro efaulum re ebufec hacvihoj lu foipopus loka igivavzuj fapu uzfacni ecuow co.
100,Celia,56,55,72,51,77,Udu cefbikboh jeob fenovano refbamgum ohumeb ibatad cirgihvu curu cu bavaw kafinon levetep gud kob pejo bum vojuhnev.